Date,Video Views,Profile Views,Likes,Comments,Shares,Total Engagement ,,,,,,,
7/5/2025,22911,103,732,73,37,23856,,,,,,,
8/5/2025,21045,99,674,74,42,21934,,,,,,,
9/5/2025,24192,62,726,62,60,25102,,,,,,,
10/5/2025,27680,103,1033,68,70,28954,,,,,,,
11/5/2025,30633,114,982,75,47,31851,,,,,,,
12/5/2025,29870,107,886,89,59,31011,,,,,,,
13/5/2025,26856,103,888,97,40,27984,,,,,,,
14/5/2025,22946,79,696,73,76,23870,,,,,,,
15/5/2025,24480,79,886,80,44,25569,,,,,,,
16/5/2025,26093,104,863,85,42,27187,,,,,,,
17/5/2025,27000,102,796,103,66,28067,,,,,,,
18/5/2025,26513,116,886,96,55,27666,,,,,,,
19/5/2025,21776,64,864,63,46,22813,,,,,,,
20/5/2025,22322,85,753,75,30,23265,,,,,,,
21/5/2025,20955,75,683,67,47,21827,,,,,,,
22/5/2025,22071,90,754,54,36,23005,,,,,,,
23/5/2025,22013,83,671,58,39,22864,,,,,,,
24/5/2025,22409,82,689,67,29,23276,,,,,,,
25/5/2025,18954,61,603,52,36,19706,,,,,,,
26/5/2025,16182,59,525,79,34,16879,,,,,,,
27/5/2025,16327,59,538,39,36,16999,,,,,,,
28/5/2025,16187,79,560,67,31,16924,,,,,,,
29/5/2025,17138,65,588,58,40,17889,,,,,,,
30/5/2025,15774,75,498,79,29,16455,,,,,,,
31/5/2025,16031,67,541,53,26,16718,,,,,,,
1/6/2025,16122,82,559,97,39,16899,,,,,,,
2/6/2025,16961,59,560,67,40,17687,,,,,,,
3/6/2025,16622,70,539,64,62,17357,,,,,,,
4/6/2025,17323,199,598,16,43,18179,,,,,,,
5/6/2025,16656,125,607,18,24,17430,,,,,,,
6/6/2025,17400,150,554,19,25,18148,,,,,,,
7/6/2025,17702,69,507,19,24,18321,,,,,,,
8/6/2025,17196,96,585,8,42,17927,,,,,,,
9/6/2025,15638,99,510,20,38,16305,,,,,,,
10/6/2025,13944,58,462,19,29,14512,,,,,,,
11/6/2025,14450,103,422,6,33,15014,,,,,,,
12/6/2025,15859,85,626,16,35,16621,,,,,,,
13/6/2025,17450,78,588,20,30,18166,,,,,,,
14/6/2025,19506,117,664,28,24,20339,,,,,,,
15/6/2025,17195,62,621,17,40,17935,,,,,,,
16/6/2025,16271,82,592,11,32,16988,,,,,,,
17/6/2025,16149,72,614,10,37,16882,,,,,,,
18/6/2025,16352,69,538,-7,49,17001,,,,,,,
19/6/2025,17249,70,628,10,27,17984,,,,,,,
20/6/2025,19469,96,641,9,46,20261,,,,,,,
21/6/2025,20165,82,736,6,39,21028,,,,,,,
22/6/2025,20327,91,881,17,41,21357,,,,,,,
23/6/2025,18188,90,585,2,26,18891,,,,,,,
24/6/2025,19474,76,681,8,34,20273,,,,,,,
25/6/2025,21149,96,742,11,61,22059,,,,,,,
26/6/2025,22896,81,827,13,45,23862,,,,,,,
27/6/2025,24642,96,990,9,59,25796,,,,,,,
28/6/2025,25109,118,951,12,35,26225,,,,,,,
29/6/2025,24632,104,918,13,48,25715,,,,,,,
30/6/2025,22785,101,819,14,43,23762,,,,,,,
1/7/2025,22265,80,872,6,42,23265,,,,,,,
2/7/2025,22796,108,842,5,35,23786,,,,,,,
3/7/2025,22388,79,821,7,49,23344,,,,,,,
4/7/2025,23210,100,808,21,40,24179,,,,,,,
5/7/2025,24078,78,958,12,53,25179,,,,,,,
6/7/2025,22822,120,852,9,56,23859,,,,,,,
7/7/2025,21755,82,862,24,58,22781,,,,,,,
8/7/2025,21735,117,875,20,41,22788,,,,,,,
9/7/2025,24498,76,1040,7,53,25674,,,,,,,
10/7/2025,24751,86,940,10,38,25825,,,,,,,
11/7/2025,25895,78,1035,16,39,27063,,,,,,,
12/7/2025,23349,80,796,8,41,24274,,,,,,,
13/7/2025,22451,88,842,3,23,23407,,,,,,,
14/7/2025,19499,78,720,6,44,20347,,,,,,,
15/7/2025,20400,70,813,3,33,21319,,,,,,,
16/7/2025,20231,73,829,4,37,21174,,,,,,,
17/7/2025,21023,80,797,22,30,21952,,,,,,,
18/7/2025,21469,69,880,9,33,22460,,,,,,,
19/7/2025,21278,96,826,6,33,22239,,,,,,,
20/7/2025,20543,75,746,12,60,21436,,,,,,,
21/7/2025,17445,65,706,7,44,18267,,,,,,,
22/7/2025,18057,78,711,12,29,18887,,,,,,,
23/7/2025,17031,70,640,12,42,17795,,,,,,,
24/7/2025,17186,71,605,5,21,17888,,,,,,,
25/7/2025,17875,71,613,8,43,18610,,,,,,,
26/7/2025,17883,58,671,20,26,18658,,,,,,,
27/7/2025,17625,70,676,10,41,18422,,,,,,,
28/7/2025,16873,78,677,11,22,17661,,,,,,,
29/7/2025,15739,81,573,10,15,16418,,,,,,,
30/7/2025,14652,57,581,8,31,15329,,,,,,,
31/7/2025,14699,52,522,17,40,15330,,,,,,,
1/8/2025,16552,62,537,5,25,17181,,,,,,,
2/8/2025,18161,112,611,16,34,18934,,,,,,,
3/8/2025,19197,63,694,6,42,20002,,,,,,,
4/8/2025,16667,69,613,9,36,17394,,,,,,,
5/8/2025,15410,67,513,12,26,16028,,,,,,,
6/8/2025,15366,68,557,14,71,16076,,,,,,,
7/8/2025,16911,68,585,8,37,17609,,,,,,,
8/8/2025,16982,73,599,6,33,17693,,,,,,,
9/8/2025,17351,76,627,11,58,18123,,,,,,,
10/8/2025,15870,69,609,12,27,16587,,,,,,,
11/8/2025,12531,62,463,7,23,13086,,,,,,,
12/8/2025,13018,46,493,6,42,13605,,,,,,,
13/8/2025,12392,52,483,6,27,12960,,,,,,,
14/8/2025,13392,54,442,3,27,13918,,,,,,,
15/8/2025,14238,52,470,2,35,14797,,,,,,,
16/8/2025,15499,62,582,7,25,16175,,,,,,,
17/8/2025,13491,54,477,8,13,14043,,,,,,,
18/8/2025,11765,58,407,5,16,12251,,,,,,,
19/8/2025,10539,40,339,7,14,10939,,,,,,,
20/8/2025,10814,40,339,6,12,11211,,,,,,,
21/8/2025,10399,44,378,5,21,10847,,,,,,,
22/8/2025,11104,57,426,9,19,11615,,,,,,,
23/8/2025,12159,45,418,8,25,12655,,,,,,,
24/8/2025,11083,50,384,10,17,11544,,,,,,,
25/8/2025,9892,33,327,3,14,10269,,,,,,,
26/8/2025,10391,86,336,13,17,10843,,,,,,,
27/8/2025,9891,34,368,15,10,10318,,,,,,,
28/8/2025,11301,72,407,6,30,11816,,,,,,,
29/8/2025,10955,50,347,14,23,11389,,,,,,,
30/8/2025,12524,47,463,0,28,13062,,,,,,,
31/8/2025,12264,58,427,9,69,12827,,,,,,,
1/9/2025,10951,56,343,14,20,11384,,,,,,,
2/9/2025,10787,69,309,51,85,11301,,,,,,,
3/9/2025,12223,105,457,15,81,12881,,,,,,,
4/9/2025,11537,63,377,13,46,12036,,,,,,,
5/9/2025,13149,87,468,21,28,13753,,,,,,,
6/9/2025,13232,98,506,10,48,13894,,,,,,,
7/9/2025,12065,78,507,16,24,12690,,,,,,,
8/9/2025,10657,80,364,16,21,11138,,,,,,,
9/9/2025,10447,70,360,27,16,10920,,,,,,,
10/9/2025,10657,86,397,20,31,11191,,,,,,,
11/9/2025,10398,67,372,31,22,10890,,,,,,,
12/9/2025,10369,71,390,13,18,10861,,,,,,,
13/9/2025,10931,67,438,23,29,11488,,,,,,,
14/9/2025,11121,65,339,18,13,11556,,,,,,,
15/9/2025,10595,91,372,16,16,11090,,,,,,,
16/9/2025,11812,81,437,9,22,12361,,,,,,,
17/9/2025,10871,57,376,7,17,11328,,,,,,,
18/9/2025,43028,496,1992,27,102,45645,,,,,,,
19/9/2025,31739,415,1823,12,56,34045,,,,,,,
20/9/2025,112218,1043,5632,59,173,119125,,,,,,,
21/9/2025,178115,1311,10278,71,269,190044,,,,,,,
22/9/2025,133940,1014,8417,86,278,143735,,,,,,,
23/9/2025,94855,691,6804,48,234,102632,,,,,,,
24/9/2025,53807,375,3778,18,186,58164,,,,,,,
25/9/2025,73446,418,5306,21,194,79385,,,,,,,
26/9/2025,49481,358,3239,32,105,53215,,,,,,,
27/9/2025,65887,461,4911,26,200,71485,,,,,,,
28/9/2025,95115,523,6748,84,265,102735,,,,,,,
29/9/2025,64435,558,3966,45,137,69141,,,,,,,
30/9/2025,37414,258,2140,33,89,39934,,,,,,,
1/10/2025,36385,275,1424,22,68,38174,,,,,,,
2/10/2025,29860,224,1577,14,58,31733,,,,,,,
3/10/2025,27142,211,1286,13,59,28711,,,,,,,
4/10/2025,28694,205,1310,20,85,30314,,,,,,,
5/10/2025,34110,230,1820,30,87,36277,,,,,,,
6/10/2025,30621,164,1809,22,104,32720,,,,,,,
7/10/2025,57931,184,3784,55,179,62133,,,,,,,
8/10/2025,37471,178,2666,48,134,40497,,,,,,,
9/10/2025,38925,176,2740,24,126,41991,,,,,,,
10/10/2025,26286,122,1760,11,85,28264,,,,,,,
11/10/2025,32621,158,2308,15,131,35233,,,,,,,
12/10/2025,28655,129,2071,17,92,30964,,,,,,,
13/10/2025,28229,123,2147,42,118,30659,,,,,,,
14/10/2025,33127,152,2507,37,140,35963,,,,,,,
15/10/2025,33304,168,2473,19,132,36096,,,,,,,
16/10/2025,28947,128,2038,19,80,31212,,,,,,,
17/10/2025,31336,135,2077,17,84,33649,,,,,,,
18/10/2025,29048,145,1823,19,170,31205,,,,,,,
19/10/2025,25865,134,1325,12,58,27394,,,,,,,
20/10/2025,19343,67,1141,26,47,20624,,,,,,,
21/10/2025,19416,104,1050,4,79,20653,,,,,,,
22/10/2025,19993,86,1182,15,77,21353,,,,,,,
23/10/2025,21518,85,1340,7,88,23038,,,,,,,
24/10/2025,20606,99,1108,10,77,21900,,,,,,,
25/10/2025,19919,102,984,15,36,21056,,,,,,,
26/10/2025,17704,87,970,11,62,18834,,,,,,,
27/10/2025,15935,82,714,30,25,16786,,,,,,,
28/10/2025,14980,95,694,10,42,15821,,,,,,,
29/10/2025,15098,72,680,5,72,15927,,,,,,,
30/10/2025,16402,88,798,10,62,17360,,,,,,,
31/10/2025,18076,85,806,7,70,19044,,,,,,,
1/11/2025,18074,116,786,5,33,19014,,,,,,,
2/11/2025,17461,99,859,0,32,18451,,,,,,,
3/11/2025,16401,82,785,15,66,17349,,,,,,,
4/11/2025,17150,89,912,18,69,18238,,,,,,,
5/11/2025,16923,92,873,34,44,17966,,,,,,,
6/11/2025,19874,116,911,8,58,20967,,,,,,,
7/11/2025,23842,162,1112,31,72,25219,,,,,,,
8/11/2025,25648,139,1172,13,34,27006,,,,,,,
9/11/2025,26787,157,1311,27,60,28342,,,,,,,
10/11/2025,23647,148,1272,37,73,25177,,,,,,,
11/11/2025,24258,132,1189,16,66,25661,,,,,,,
12/11/2025,28276,130,1493,15,77,29991,,,,,,,
13/11/2025,27482,139,1432,4,89,29146,,,,,,,
14/11/2025,30013,152,1663,19,65,31912,,,,,,,
15/11/2025,29521,140,1652,13,90,31416,,,,,,,
16/11/2025,23800,106,1238,10,51,25205,,,,,,,
17/11/2025,26115,130,1521,22,58,27846,,,,,,,
18/11/2025,36034,170,2099,18,62,38383,,,,,,,
19/11/2025,21595,110,1109,5,41,22860,,,,,,,
20/11/2025,21195,85,1316,6,61,22663,,,,,,,
21/11/2025,21622,106,1033,19,71,22851,,,,,,,
22/11/2025,22196,183,1068,12,58,23517,,,,,,,
23/11/2025,23763,102,999,9,52,24925,,,,,,,
24/11/2025,20576,101,984,19,84,21764,,,,,,,
25/11/2025,16504,93,795,-15,49,17426,,,,,,,
26/11/2025,18729,79,940,3,51,19802,,,,,,,
27/11/2025,18481,99,934,7,61,19582,,,,,,,
28/11/2025,19139,95,970,0,75,20279,,,,,,,
29/11/2025,21539,131,1065,6,70,22811,,,,,,,
30/11/2025,22699,118,1131,8,49,24005,,,,,,,
1/12/2025,21951,104,1101,10,47,23213,,,,,,,
2/12/2025,22435,89,1132,47,52,23755,,,,,,,
3/12/2025,22134,102,1107,22,53,23418,,,,,,,
4/12/2025,21700,115,1015,19,49,22898,,,,,,,
5/12/2025,22478,123,1049,33,66,23749,,,,,,,
6/12/2025,23244,118,1061,9,79,24511,,,,,,,
7/12/2025,18888,113,756,13,43,19813,,,,,,,
8/12/2025,19756,81,901,2,38,20778,,,,,,,
9/12/2025,20041,62,889,6,34,21032,,,,,,,
10/12/2025,19938,94,912,9,55,21008,,,,,,,
11/12/2025,19545,81,859,10,79,20574,,,,,,,
12/12/2025,19820,123,827,-21,53,20802,,,,,,,
13/12/2025,19143,87,842,-16,40,20096,,,,,,,
14/12/2025,17700,77,720,-26,26,18497,,,,,,,
15/12/2025,14721,66,602,-29,38,15398,,,,,,,
16/12/2025,15281,75,708,-16,26,16074,,,,,,,
17/12/2025,13564,78,467,-14,37,14132,,,,,,,
18/12/2025,14674,70,568,-22,34,15324,,,,,,,
19/12/2025,15070,72,604,0,29,15775,,,,,,,
20/12/2025,16476,81,638,-17,53,17231,,,,,,,
21/12/2025,15607,65,582,-3,36,16287,,,,,,,
22/12/2025,14222,75,603,-17,82,14965,,,,,,,
23/12/2025,14727,71,613,-1,35,15445,,,,,,,
24/12/2025,15846,82,639,-13,48,16602,,,,,,,
25/12/2025,15319,77,682,7,47,16132,,,,,,,
26/12/2025,15566,87,706,-8,40,16391,,,,,,,
27/12/2025,15377,69,689,17,51,16203,,,,,,,
28/12/2025,14631,92,636,5,27,15391,,,,,,,
29/12/2025,14760,84,685,-5,42,15566,,,,,,,
30/12/2025,15748,53,725,4,48,16578,,,,,,,
31/12/2025,15172,87,678,9,55,16001,,,,,,,
1/1/2026,14123,74,605,7,40,14849,,,,,,,
2/1/2026,13968,65,592,11,28,14664,,,,,,,
3/1/2026,15098,82,610,13,38,15841,,,,,,,
4/1/2026,14391,84,619,-7,39,15126,,,,,,,
5/1/2026,14333,103,700,1,60,15197,,,,,,,
6/1/2026,13825,49,595,15,45,14529,,,,,,,
7/1/2026,14558,93,809,3,61,15524,,,,,,,
8/1/2026,13181,59,544,10,41,13835,,,,,,,
9/1/2026,13022,69,536,13,31,13671,,,,,,,
10/1/2026,13375,74,538,6,34,14027,,,,,,,
11/1/2026,12069,76,427,22,42,12636,,,,,,,
12/1/2026,10647,52,419,4,33,11155,,,,,,,
13/1/2026,11071,40,387,5,40,11543,,,,,,,
14/1/2026,12252,49,442,-10,27,12760,,,,,,,
15/1/2026,14757,47,503,-15,34,15326,,,,,,,
16/1/2026,14126,61,576,-9,30,14784,,,,,,,
17/1/2026,14260,75,589,-9,24,14939,,,,,,,
18/1/2026,12886,67,458,-8,53,13456,,,,,,,
19/1/2026,12158,53,459,-6,23,12687,,,,,,,
20/1/2026,11702,45,442,5,21,12215,,,,,,,
21/1/2026,11280,56,426,-8,13,11767,,,,,,,
22/1/2026,12596,52,491,3,36,13178,,,,,,,
23/1/2026,13238,64,502,6,30,13840,,,,,,,
24/1/2026,14567,65,539,-3,30,15198,,,,,,,
25/1/2026,13386,67,467,4,27,13951,,,,,,,
26/1/2026,11583,52,444,-9,17,12087,,,,,,,
27/1/2026,11377,47,473,-8,30,11919,,,,,,,
28/1/2026,12011,51,456,-1,24,12541,,,,,,,
29/1/2026,12129,54,466,3,42,12694,,,,,,,
30/1/2026,14837,52,555,-8,20,15456,,,,,,,
31/1/2026,16709,76,597,-5,66,17443,,,,,,,
1/2/2026,15362,85,561,-3,22,16027,,,,,,,
2/2/2026,12771,76,540,-1,25,13411,,,,,,,
3/2/2026,12726,60,499,4,35,13324,,,,,,,
4/2/2026,12720,72,468,3,20,13283,,,,,,,
5/2/2026,12250,65,534,5,15,12869,,,,,,,
6/2/2026,12745,76,523,-5,30,13369,,,,,,,
7/2/2026,13670,54,500,3,34,14261,,,,,,,
8/2/2026,12561,58,459,-2,25,13101,,,,,,,
9/2/2026,11242,46,412,-3,21,11718,,,,,,,
10/2/2026,12574,47,465,-4,30,13112,,,,,,,
11/2/2026,13967,60,550,3,21,14601,,,,,,,
12/2/2026,16325,66,632,5,25,17053,,,,,,,
13/2/2026,16250,56,597,0,23,16926,,,,,,,
14/2/2026,19017,105,729,6,19,19876,,,,,,,
15/2/2026,17785,65,627,3,27,18507,,,,,,,
16/2/2026,17928,59,659,2,60,18708,,,,,,,
17/2/2026,19649,77,708,1,31,20466,,,,,,,
18/2/2026,18685,79,744,5,30,19543,,,,,,,
19/2/2026,17370,70,647,0,17,18104,,,,,,,
20/2/2026,17058,74,583,-19,24,17720,,,,,,,
21/2/2026,17270,64,635,6,38,18013,,,,,,,
22/2/2026,15822,76,607,-4,29,16530,,,,,,,
23/2/2026,13989,59,516,-21,28,14571,,,,,,,
24/2/2026,15197,60,532,6,29,15824,,,,,,,
25/2/2026,15661,46,558,-7,29,16287,,,,,,,
26/2/2026,13712,59,512,-25,20,14278,,,,,,,
27/2/2026,13775,74,488,-1,29,14365,,,,,,,
28/2/2026,14579,67,571,7,19,15243,,,,,,,
1/3/2026,13782,65,456,3,21,14327,,,,,,,
2/3/2026,11889,47,440,5,16,12397,,,,,,,
3/3/2026,11512,55,421,-1,18,12005,,,,,,,
4/3/2026,11093,59,448,11,34,11645,,,,,,,
5/3/2026,10969,55,414,4,28,11470,,,,,,,
6/3/2026,11234,57,396,-2,18,11703,,,,,,,
7/3/2026,12765,62,425,2,28,13282,,,,,,,
8/3/2026,11276,48,398,2,11,11735,,,,,,,
9/3/2026,10334,47,384,-1,23,10787,,,,,,,
10/3/2026,10064,65,335,10,29,10503,,,,,,,
11/3/2026,9896,42,316,-1,16,10269,,,,,,,
12/3/2026,10453,50,297,5,13,10818,,,,,,,
13/3/2026,15228,59,528,8,37,15860,,,,,,,
14/3/2026,13654,56,507,3,78,14298,,,,,,,
15/3/2026,12560,61,460,5,27,13113,,,,,,,
16/3/2026,10620,49,392,4,31,11096,,,,,,,
17/3/2026,10541,57,404,9,48,11059,,,,,,,
18/3/2026,11166,39,356,0,21,11582,,,,,,,
19/3/2026,13932,54,456,1,44,14487,,,,,,,
20/3/2026,11830,52,450,-3,17,12346,,,,,,,
21/3/2026,8969,52,305,1,16,9343,,,,,,,
22/3/2026,9520,41,327,2,17,9907,,,,,,,
23/3/2026,9368,48,345,5,31,9797,,,,,,,
24/3/2026,10378,65,356,-4,31,10826,,,,,,,
25/3/2026,10242,52,353,3,27,10677,,,,,,,
26/3/2026,10106,58,343,-1,18,10524,,,,,,,
27/3/2026,9531,48,323,3,22,9927,,,,,,,
28/3/2026,9928,34,363,-1,27,10351,,,,,,,
29/3/2026,8748,26,326,-2,26,9124,,,,,,,
30/3/2026,7658,42,252,4,17,7973,,,,,,,
31/3/2026,7914,38,290,-3,18,8257,,,,,,,
1/4/2026,8008,43,291,1,21,8364,,,,,,,
2/4/2026,9306,47,372,-5,20,9740,,,,,,,
3/4/2026,8709,50,279,2,24,9064,,,,,,,
4/4/2026,8527,42,282,1,26,8878,,,,,,,
5/4/2026,8214,47,289,0,32,8582,,,,,,,
6/4/2026,7459,42,239,2,12,7754,,,,,,,
7/4/2026,7020,37,262,0,8,7327,,,,,,,
8/4/2026,7237,29,236,2,14,7518,,,,,,,
9/4/2026,7360,35,307,2,10,7714,,,,,,,
10/4/2026,8476,44,269,-5,26,8810,,,,,,,
11/4/2026,8844,66,304,9,20,9243,,,,,,,
12/4/2026,7826,36,394,-7,37,8286,,,,,,,
13/4/2026,6743,46,295,0,13,7097,,,,,,,
14/4/2026,6423,35,246,1,18,6723,,,,,,,
15/4/2026,6364,26,225,0,20,6635,,,,,,,
16/4/2026,6854,41,250,1,37,7183,,,,,,,
17/4/2026,7874,47,280,3,28,8232,,,,,,,
18/4/2026,8367,45,295,6,23,8736,,,,,,,
19/4/2026,7652,48,325,4,35,8064,,,,,,,
20/4/2026,6854,26,242,-3,14,7133,,,,,,,
21/4/2026,7396,50,398,0,21,7865,,,,,,,
22/4/2026,7269,41,269,0,13,7592,,,,,,,
23/4/2026,7684,42,299,3,17,8045,,,,,,,
24/4/2026,7903,43,317,-4,25,8284,,,,,,,
25/4/2026,8305,40,331,7,17,8700,,,,,,,
26/4/2026,7658,25,283,-1,20,7985,,,,,,,
27/4/2026,6680,29,273,2,19,7003,,,,,,,
28/4/2026,7058,38,289,-2,21,7404,,,,,,,
29/4/2026,7734,49,310,-11,19,8101,,,,,,,
30/4/2026,8632,45,336,6,12,9031,,,,,,,
1/5/2026,8393,48,280,0,27,8748,,,,,,,
2/5/2026,8266,50,304,8,35,8663,,,,,,,
3/5/2026,8416,35,287,0,39,8777,,,,,,,
4/5/2026,6681,32,219,-11,9,6930,,,,,,,
5/5/2026,6854,33,215,-1,16,7117,,,,,,,
6/5/2026,6888937,35760,311668,4892,16540,7257797,,,,,,,
